,商品名,商品価格
1,【全品P2倍★9/18 0時〜23時59分まで】 テレビリモコン 汎用リモコン リモコン 汎用 汎用テレビリモコン TVリモコン 予備 予備用 スペア テレビ TV 地デジ 国内メーカー 対応 ブラック 黒 買い替え テレビ用リモコン 送料無料,1098
2,パナソニック ディーガ リモコン ブルーレイ N2QAYB000346 N2QAYB000472 N2QAYB000188 N2QAYB000554 N2QAYB000297 N2QAYB000186 N2QAYB000687 N2QAYB000648 N2QAYB000686 N2QAYB000698 N2QAYB000647 N2QAYB000798 N2QAYB000740 N2QAYB000799 DIGA 代用リモコン リスタ,1598
3,エアコンリモコン 各社共通 各社対応 国内主要メーカー対応 純正 冷房 暖房 クーラー Panasonic 汎用 ダイキン 日立 LG 三菱 パナソニック ナショナル 三洋 サンヨー NEC シャープ 東芝 コロナ 日本語 対応 暑さ対策 【即納】【2021年版】【メール便専用】,1280
4,リモコン紛失お任せください！ 国内メーカー対応 エアコンリモコン 各社対応 各社共通 1000機種対応 汎用 ダイキン 日立 LG 三菱 パナソニック Panasonic ナショナル 三洋 サンヨー NEC シャープ 東芝 コロナ 純正 マルチ 送料無料 【メール便専用】,580
5,【送料無料】【新品 在庫限り】パナソニック(Panasonic) BD/DVDレコーダー「DIGA」 純正リモコン送信器 TZT2Q011217,3895
6,シーリングライト おしゃれ 照明 リモコン付き ライト 6灯 キムリック スマートリモコン 対応 LED 対応 照明器具 天井照明 インダストリアル 北欧 西海岸 和室 和風 カフェ 子供部屋 リビング 寝室 モダン ダイニング用 インテリア 電球別売 間接照明,22000
7,ソニー ブルーレイ リモコン RMT-B015J RMT-B015N BDZ-E520 BDZ-E510 BDZ-ET2200 BDZ-ET2100 BDZ-ET1200 BDZ- ET1100 BDZ-EW1200 BDZ-EW1100 BDZ-EW520 BDZ-EW510 SONY 代用リモコン リスタ,1998
8,東芝 レグザ テレビ リモコン CT-90348 CT-90352 CT-90372 CT-90422 CT-90389 CT-90409 CT-90426 CT-90338 CT-90421 CT-90376 CT-90393 CT-90466 CT-90328A CT-90340 CT-90453 CT-90425 CT-90379 CT-90467 CT-90442 CT-90360 CT-90320A TOSHIBA REGZA 代用リモコン リスタ,1498
9,ソニー ブルーレイ リモコン RMT-B007J RMT-B009J RMT-B012J RMT-B013J RMT-B014J SONY 代用リモコン リスタ,1998
10,【あす楽】【在庫あり】 パナソニック ブルーレイディスクレコーダー用リモコン TZT2Q011217 (N2QAYB001217),3880
11,［ インテリア収納ボックス リン ］リモコンラック リモコン収納 リモコンスタンド 木製 ペン立て 文房具収納 スマホスタンド リビング小物 小物入れ おしゃれ モノトーン 山崎実業 RIN yamazaki ブラック ホワイト 5168 5169【ポイント10倍 送料無料】,3850
12,シャープ　SHARP　純正テレビ用リモコン　AN-52RC1,2814
13,小物入れ リン ペン&リモコンラック 小物収納 リモコンラック リモコンスタンド リモコン入れ ペンスタンド ペン立て 収納 整理 スリム RIN 山崎実業 木製 ブラウン ナチュラル オフィス おしゃれ かわいい ホワイト 白 ブラック 黒,3300
14,日立 Wooo テレビ リモコン C-RT4 C-RT6 C-RT7 C-RT1 C-RS4 C-RS5 C-RS1 C-RS3 C-RT2 C-RT3 HITACHI ウー 代用リモコン リスタ,1498
15,【SHARP液晶テレビ用】 テレビリモコン 設定不要 すぐ使える 互換リモコン シャープ テレビ用 SH-2615V 電池別売,1155
16,【9/29までポイント10倍】 ペン&リモコンラック RIN リン 山崎実業 リモコンホルダー リモコンスタンド リモコン 収納 ペン立て ペンスタンド,3300
17,Panasonic TZT2Q011218(N2QAYB001218) パナソニック 共用リモコン ディーガ ブルーレイ用 リモートコントローラー 純正 送料無料 【SK08095】,2160
18,LEDシーリングライト おしゃれ LED 8畳 6畳 調光 調色 天井直付灯 木枠 木目 ウッドフレーム リモコン 照明器具 和室 寝室 おしゃれ 直付け 北欧 ダイニング リビング 居間 インテリア CL-YD8CDSII-RingII シーリングライト ビームテック,5380
19,シャープ アクオス ブルーレイ リモコン GA651PA GA778PA GA616PA GA769PA GA688PA GA617PA GA618PA GA652PA GA558PA GA558WJPA 代用リモコン SHARP AQUOS リスタ,1998
20,エルパ テレビリモコン シャープ アクオス用 メーカー設定済みですぐに使える TV リモコン RC-TV009SH ／ELPA 朝日電器,1949
21,扇風機 スリムファン 風量3段階 リモコン 切タイマー付き 静音 YSR-J802 スリム扇風機 ハイタワーファン タワーファン リビングファン リモコン 首振り 換気 熱中症対策山善 YAMAZEN 【送料無料】,5980
22,SONY RM-PLZ430D 学習機能付きリモートコマンダー 学習リモコン ソニー RMPLZ430D 送料無料 【SK01945】,3043
23,テレビリモコン シャープ 日立 東芝 パナソニック ソニー 三菱 LG フナイ 各社専用リモコン,2248
24,+d リモココ 日本製 [リモコンスタンド リモコン立て リモコンホルダー リモコン収納 リモコン置き 卓上 インテリア テーブル 卓上 コスメ ブラシ ペン立て 名刺入れ ペンスタンド 収納 リビング収納 玄関収納 +d プラスディー おしゃれ ホワイト グレー],2200
25,『レビュー投稿で今治タオル他』ヤマトジャパン 「 rimokon CUBE W ( リモコンキューブW ) 」 リモコンラック リモコンケース リモコン収納 置き型 ボックス ケース 収納 木製 ウッド 木 ナチュラル 北欧 インテリア おしゃれ 日本製 yamato japan ヤマト工芸,3080
26,エレコム　ELECOM かんたんレコーダー用リモコン 4メーカー対応 ERC-BDR01BK-MU ブラック,2610
27,Panasonic N2QAYB000919 パナソニック リモコン ディーガ ブルーレイ用 DIGA DMR-BWT660-K用 リモートコントローラー 純正 送料無料 【SK06875】,2540
28,シーリングライト 4灯 リモコン付き LED 対応 スポットライト ライトリー リモート ダイニング用 食卓用 リビング用 居間用 6畳 8畳 おしゃれ 一人暮らし 北欧 天井照明 照明器具 寝室 ペンダントライト ライト 子供部屋 おしゃれ照明 電気 かわいい 間接照明,7980
29,【 先着順★5%OFFクーポン対象 】 ELPA リモコン 汎用 国内主要メーカー18社対応 バックアップ機能 地デジ BS CS テレビリモコン TVリモコン マルチリモコン スリムリモコン RC-TV013UD テレビ TV 国内 メーカー 代替え 紛失 汎用リモコン 1000円ポッキリ 送料無料,1000
30,ポイント2倍 ELPA エルパ エアコン専用簡単リモコン RC-22AC エルパ 朝日電気 エアコンリモコン 冷暖房 空調 マルチリモコン,1710
