,商品名,最高値,最安値
1,エルパ 地デジテレビリモコン ブラック IRC-203T(BK)(1コ入),5046,792
2,hanwha / 各社共通 対応 エアコン用ユニバーサルマルチリモコン uma-acrm02,4280,1380
3,SONY RMT-B015J対応 代用リモコン MA-RMT-B015J,1998,1998
4,パナソニック ディーガ リモコン ブルーレイDIGA 代用リモコン リスタ MA-B07BHL7R6M,1598,1598
5,エルパ スリムテレビリモコン RC-TV013UD(1コ入),3970,602
6,YAMAZAKI 山崎実業 インテリア収納ボックス リン ナチュラル,4620,3850
7,東芝 液晶テレビ用リモコン CT-90348 75018373,10800,1518
8,エアコンリモコン (日本語説明書付) K-1028E,3480,760
9,ホームテック Panasonic ブルーレイディスクレコーダー リモコン TZT2Q011217,3460,2100
10,PerFascin テレビリモコン  Fit For HITACHI(日立) テレビ,1815,1498
11,エルパ エアコンリモコン RC-22AC(1コ入),6223,670
12,エルパ 地上デジタル用テレビリモコン シャープテレビ用 RC-TV009SH(1コ入),999999,1267
13,RE-STA SONY ブルーレイ 代用リモコン SN-B007J-3,1998,1998
14,SHARP AQUOS ブルーレイ代用リモコン MA-B07G25V2H1,1998,1998
15,SONY リモコン RM-PLZ430D,6400,2598
16,おおたけ フルリモコンリビング扇風機 GF-319FR,4680,3580
17,山崎実業 ペン&リモコンラック リン ブラウン 2731,4070,3024
18,ピープル いたずら1歳やりたい放題ビッグ版リアル+ ヤリタイホウダイビツグバンリアル+,9328,2332
19,Panasonic（パナソニック） 液晶テレビ用 リモコン N2QAYB000814,5287,2079
20,Panasonic（パナソニック） ディーガ ブルーレイ用 リモコン TZT2Q011218（N2QAYB001218）,3115,1958
21,TOLIGO LED電球 8w 26口金 IoT  TLG-B001,16500,2750
22,リモコンラック リン ブラウン(1コ入),3975,1980
23,パナソニック DMR-BWT660用 リモコン N2QAYB000919,3980,2498
24,SHARP  AQUOS純正 テレビリモコン AN-52RC1,7520,2188
25,ELECOM Bluetoothイヤホン LBT-GB41RD,6541,3290
26,エレコム かんたんTV用リモコン(シャープ用) ブラックERC-TV01BK-SH(1コ入),5282,1120
27,エレコム かんたんレコーダー用リモコン 4メーカー対応 ブラック ERC-BDR01BK-MU(1個),10900,1545
28,オーデリック Bluetooth調光・調色リモコン CONNECTED LIGHTING専用 RC919,4300,1850
29,エレコム かんたんTV用リモコン(パナソニック用) ブラックERC-TV01BK-PA(1コ入),3906,1280
30,山崎実業 リモコンラック リン ナチュラル 7361,4140,1980
