,ランキング,商品名
1,1,アディダス（adidas） サッカー ウェア メンズ JFA サッカー日本代表 2020 ホーム ジャージー GEM11-ED7350 スカイブルー レプリカ ユニフォーム （メンズ）
2,2,アディダス（adidas） キッズ JFA サッカー日本代表 2020 ホーム ユニフォーム ファンアイテム GEM06-ED7345 スカイブルー （キッズ）
3,3,タビオ サッカー 5本指　FOOTBALL5本指クルー tabio 大人用 サッカーショートソックス グリップソックス
4,4,タビオスポーツ（TABIO SPORTS）フットボール用　5本指ソックスサッカーストッキング17SS
5,5,サッカーソックス メンズ 子供 キッズ ジュニア 白 青 ホワイト ブルー ブラック イエロー レッド Jr ストッキング 靴下 無地 スポーツ*
6,6,NOBITA ソイ プロテイン 600g FD0002 サッカー フットサル サプリメント ジュニア 子供 小中高生向け スパッツィオ spazio
7,7,【8/5はエントリーで会員ランク別P10倍】アディダス（adidas） サッカーボール FIFA2021 リーグ 4号検定球 AF436JP 自主練 （キッズ）
8,8,【サッカーソックス】 umbro アンブロ 大人 子供 ジュニア UBS8810 サッカー ソックス 靴下 サッカーソックス soccer サッカー ソックス 大人用サッカーソックス 子供用サッカーソックス ストッキング 練習着 サッカーウェア フットサル ウェア 白 黒 ホワイト 39ショップ
9,9,【全品送料無料★〜8/11 23:59迄】【あす楽】【TABIO SPORTS】 サッカー ソックス フットボール 5本指ソックス 25〜27cm / 靴下屋 靴下 タビオ Tabio サッカーソックス ストッキング タビオスポーツ くつ下 メンズ スポーツ フットサル 五本指ソックス 日本製
10,10,【全色在庫あり】【送料無料】ナイキ アカデミー ストライプ フットボールソックス( サッカー フットサル サッカーソックス ナイキ ナイキソックス ソックスナイキ くつ下 靴下 大人 大人用 子供用 子供 ジュニア メンズ )※追跡可能メール便で配送
11,11,【楽天1位】【P20倍】 BMZ ストライカー ブラック 正規品 人気 サッカー専用 BMZ CCLP インソール 中厚モデル 黒 初級者向け 中敷き 衝撃吸収 Jリーグ スポーツ シューズ スパイク スピード 土踏まず アーチ 疲労 ケガ防止 足底筋膜炎 o脚 扁平足 足裏痛 膝痛 腰痛 メンズ
12,12,アクティバイタル フットサポータージャパン サッカーショートソックス ジャパン足袋（タビ）タイプ activaital
13,13,シダス（sidas） インソール サッカー フットボール3D 3152051 インソール 中敷き サッカー フットサル 大人 メンズ レディース 子供 ジュニア （メンズ）
14,14,【チーム対応】アディダス 11 ADI21SOCK 大人 ジュニア サッカーソックス/サッカーストッキング adidas 22995
15,15,【楽天1位】【P20倍】 BMZ アシトレ 《正規品》履くだけで筋トレ効果 人気 インソール BMZ アシトレ 薄型 足トレ 筋トレ 靴 スニーカー 中敷き 衝撃吸収 足底筋膜炎 扁平足 アーチサポート 土踏まず かかと o脚 足裏 痛み 膝痛 腰痛 メンズ スポーツ サッカー 野球 ゴルフ
16,16,《指先補強 特許取得》サッカーソックス サッカーストッキング 指先補強 16〜29cm 靴下 強い 破れにくい サッカー フットサル スポーツソックス メンズ レディース アウトドア ケンビー 日本製
17,17,最大2千円オフクーポン アンブロ 帽子 ジュニア クーリングフットボールプラクティスキャップ UUDRJC03 サッカー 2021年NEWモデル
18,18,【8/5はエントリーで会員ランク別P10倍】ナイキ（NIKE） サッカーソックス 2足組 アカデミーフットボールDRI-FITソックス SX4650 001 ストッキング 靴下 大人 子供 （メンズ、レディース、キッズ）
19,19,【ポイント9倍】【お買物マラソン限定】即日発送可品番:05228ATHLETA【アスレタ】UV アンブレラ傘 日傘 雨傘 UVカット(遮蔽率99%) スポーツ観戦 サッカー テニス 陸上
20,20,タビオスポーツ（TABIO SPORTS）　フットボール用　ノンスリップバンド 2個（両足分）　20FW
21,21,最大10％OFFクーポン【楽天 お買い物マラソン限定 】 アシックス DSライト DS LIGHT WB WIDE ワイド 1103A018 メンズ サッカー スパイクシューズ 3E : ホワイト×ブラック asics
22,22,NET-O 電子ホイッスル 新モデル【1台で3種類のホイッスル音】単4電池でさらに使いやすく 選べる5カラー スポーツ 登山 建設現場など (電池付き）
23,23,【8/5はエントリーで会員ランク別P10倍】アシックス（ASICS） バスケットボールシューズ ジュニア ダンクショット DUNKSHOTMB9 1064A006.001 バッシュ （キッズ）
24,24,ナイキ ストライク サッカーボールアクセサリー メンズ レディース ユニセックス スポーツ サッカー フットボール ボール
25,25,最大10％OFFクーポン【楽天 お買い物マラソン限定 】 アシックス DS LIGHT TF SL DS ライト 1101A023 100 メンズ サッカー トレーニングシューズ 3E : ホワイト×ブラック s3FCZJNX
26,26,サッカーボール 5号球 モルテン ペレーダ 4000 F5L4000 PELADA 5号 中学 高校 一般 公式 試合 サッカー ボール molten
27,27,【8/5はエントリーで会員ランク別P10倍】アシックス（ASICS） サッカースパイク サッカーシューズ DS LIGHT AVANTE 1101A009.400 （メンズ）
28,28,DSライト X-FLY PRO　ホワイト×プリズムブルー　【asics|アシックス】サッカースパイク1101a025-100
29,29,サッカーソックス 大人 ジュニア 靴下 【サッカー ソックス soccer sox サッカー ソックス ストッキング 練習着 サッカーウェア】メンズ 夏 子供 男子 女子 P10 プレゼント ギフト 39ショップ
30,30,ジュニア 2021 SUMMERセット　【ATHLETA|アスレタ】サッカーフットサルジュニアウェアーtcs-21
